CSV_HEADERS,time,"SHED","HEATSINK","SAND","RESERVOIR","ROOF","AMBIENT","FOOTER","LOOP_PUMP","XFER_PUMP","HEATER_FAN","HEATER","FOOT_WARMER","",
CSV_VALUES, 2024/10/16 22:34,68.36,69.08,76.10,71.96,66.20,66.20,94.46,0,0,1,1,0,,
CSV_VALUES, 2024/10/16 22:35,68.36,69.08,76.10,71.96,66.20,66.20,94.46,0,0,1,1,0,,
CSV_VALUES, 2024/10/16 22:36,68.36,69.80,76.10,71.96,66.20,66.20,94.46,0,0,1,1,0,,
CSV_VALUES, 2024/10/16 22:37,68.36,70.52,76.10,71.96,66.20,66.20,93.56,0,0,1,1,0,,
CSV_VALUES, 2024/10/16 22:38,68.36,70.52,75.92,71.96,66.20,66.20,93.56,0,0,1,1,0,,
CSV_VALUES, 2024/10/16 22:39,68.36,71.24,75.56,72.68,66.20,66.20,92.84,0,0,1,1,0,,
CSV_VALUES, 2024/10/16 22:40,68.36,71.24,75.38,72.68,66.20,66.20,92.84,0,0,1,1,0,,
CSV_VALUES, 2024/10/16 22:41,68.90,71.96,75.38,72.68,66.20,66.20,91.94,0,0,1,1,0,,
CSV_VALUES, 2024/10/16 22:42,69.08,72.68,75.38,72.68,66.20,66.20,91.94,0,0,0,0,0,,
CSV_VALUES, 2024/10/16 22:43,69.08,72.68,75.38,72.68,66.20,66.20,91.04,0,0,0,0,0,,
CSV_VALUES, 2024/10/16 22:44,69.08,72.68,75.38,72.68,66.20,66.20,91.04,0,0,0,0,0,,
CSV_VALUES, 2024/10/16 22:45,68.72,73.40,75.38,71.96,66.20,66.20,90.14,0,0,1,1,0,,
CSV_VALUES, 2024/10/16 22:46,68.54,74.12,75.38,71.96,66.20,66.20,89.78,0,0,1,1,1,,
CSV_VALUES, 2024/10/16 22:47,69.08,74.84,75.38,71.96,66.20,66.20,89.24,0,0,0,0,1,,
CSV_VALUES, 2024/10/16 22:48,69.08,75.38,75.38,71.96,66.20,66.20,89.24,0,0,0,0,1,,
CSV_VALUES, 2024/10/16 22:49,69.08,75.38,75.38,71.96,66.20,66.20,89.24,0,0,0,0,1,,
CSV_VALUES, 2024/10/16 22:50,69.08,76.10,75.38,71.96,66.20,66.20,90.14,0,0,0,0,0,,
CSV_VALUES, 2024/10/16 22:51,69.08,76.64,75.38,71.96,66.20,66.20,91.04,0,0,0,0,0,,
CSV_VALUES, 2024/10/16 22:52,69.08,76.64,75.38,71.96,66.20,66.20,92.84,0,0,0,0,0,,
CSV_VALUES, 2024/10/16 22:53,69.08,77.54,75.38,71.96,66.20,66.20,94.46,0,0,0,0,0,,
CSV_VALUES, 2024/10/16 22:54,69.08,77.54,75.38,71.96,66.20,66.20,95.36,0,0,0,0,0,,
CSV_VALUES, 2024/10/16 22:55,69.08,78.44,75.38,71.96,66.20,66.20,96.08,0,0,0,0,0,,
CSV_VALUES, 2024/10/16 22:56,69.08,78.44,75.38,71.96,66.20,66.20,96.08,0,0,0,0,0,,
CSV_VALUES, 2024/10/16 22:57,69.08,78.44,75.38,71.96,66.20,66.20,96.08,0,0,0,0,0,,
CSV_VALUES, 2024/10/16 22:58,68.90,78.98,75.38,71.96,66.20,66.20,96.08,0,0,1,1,0,,
CSV_VALUES, 2024/10/16 22:59,69.08,79.16,75.38,71.96,66.20,66.20,96.08,0,0,0,0,0,,
CSV_VALUES, 2024/10/16 23:00,69.08,79.16,75.38,71.96,66.20,66.20,95.36,0,0,0,0,0,,
CSV_VALUES, 2024/10/16 23:01,69.08,78.44,75.38,71.96,66.20,66.20,95.36,0,0,0,0,0,,
CSV_VALUES, 2024/10/16 23:02,69.08,78.44,75.38,71.96,66.92,66.92,94.46,0,0,0,0,0,,
CSV_VALUES, 2024/10/16 23:03,69.08,78.44,75.38,71.96,67.64,66.92,94.46,0,0,0,0,0,,
CSV_VALUES, 2024/10/16 23:04,69.08,79.16,75.38,71.96,67.64,66.92,93.56,0,0,0,0,0,,
CSV_VALUES, 2024/10/16 23:05,69.08,79.16,75.02,71.96,68.36,67.64,92.84,0,0,0,0,0,,
CSV_VALUES, 2024/10/16 23:06,69.08,79.16,74.84,71.96,68.36,67.64,92.84,0,0,0,0,0,,
CSV_VALUES, 2024/10/16 23:07,69.08,79.16,74.84,71.96,68.36,67.64,91.94,0,0,0,0,0,,
CSV_VALUES, 2024/10/16 23:08,69.08,80.06,74.84,71.96,69.08,67.64,91.94,0,0,0,0,0,,
CSV_VALUES, 2024/10/16 23:09,69.08,80.06,74.84,71.96,68.36,67.64,91.04,0,0,0,0,0,,
CSV_VALUES, 2024/10/16 23:10,69.08,80.06,74.84,71.96,68.36,66.92,90.68,0,0,0,0,0,,
CSV_VALUES, 2024/10/16 23:11,69.08,80.06,74.84,71.96,68.36,66.92,90.14,0,0,0,0,0,,
CSV_VALUES, 2024/10/16 23:12,69.08,80.06,74.84,71.96,68.36,66.92,89.24,0,0,0,0,1,,
CSV_VALUES, 2024/10/16 23:13,69.08,80.06,74.84,71.96,68.36,66.92,89.24,0,0,0,0,1,,
CSV_VALUES, 2024/10/16 23:14,69.08,80.06,74.84,71.96,67.64,66.92,89.24,0,0,0,0,1,,
CSV_VALUES, 2024/10/16 23:15,69.08,80.78,74.84,71.96,67.64,66.92,89.24,0,0,0,0,1,,
CSV_VALUES, 2024/10/16 23:16,69.08,80.78,74.84,71.96,67.64,66.92,90.14,0,0,0,0,0,,
CSV_VALUES, 2024/10/16 23:17,69.08,80.78,74.84,71.96,67.64,66.92,91.94,0,0,0,0,0,,
CSV_VALUES, 2024/10/16 23:18,69.08,80.78,74.84,71.96,67.64,66.92,93.56,0,0,0,0,0,,
CSV_VALUES, 2024/10/16 23:19,69.08,80.78,74.84,71.96,67.64,66.92,94.46,0,0,0,0,0,,
CSV_VALUES, 2024/10/16 23:20,69.08,80.78,74.84,71.96,67.64,66.92,95.36,0,0,0,0,0,,
CSV_VALUES, 2024/10/16 23:21,69.08,80.06,74.84,71.96,67.64,66.92,96.08,0,0,0,0,0,,
CSV_VALUES, 2024/10/16 23:22,69.08,80.06,74.84,71.96,67.64,66.92,96.08,0,0,0,0,0,,
CSV_VALUES, 2024/10/16 23:23,69.08,80.06,74.84,71.96,67.64,66.92,96.08,0,0,0,0,0,,
CSV_VALUES, 2024/10/16 23:24,69.08,80.06,74.84,71.96,67.64,66.92,96.08,0,0,0,0,0,,
CSV_VALUES, 2024/10/16 23:25,69.08,79.70,74.84,71.96,67.64,66.92,96.08,0,0,0,0,0,,
CSV_VALUES, 2024/10/16 23:26,69.08,79.16,74.84,71.96,67.64,66.92,95.36,0,0,0,0,0,,
CSV_VALUES, 2024/10/16 23:27,69.08,79.16,74.84,71.96,67.64,66.92,95.36,0,0,0,0,0,,
CSV_VALUES, 2024/10/16 23:28,69.08,79.16,74.84,71.96,67.64,66.92,94.46,0,0,0,0,0,,
CSV_VALUES, 2024/10/16 23:29,69.08,79.16,74.84,71.96,66.92,66.92,94.46,0,0,0,0,0,,
CSV_VALUES, 2024/10/16 23:30,69.08,79.16,74.84,71.96,66.92,66.92,93.56,0,0,0,0,0,,
CSV_VALUES, 2024/10/16 23:31,68.72,79.16,74.84,71.96,66.92,66.92,92.84,0,0,1,1,0,,
CSV_VALUES, 2024/10/16 23:32,68.36,78.44,74.84,71.96,66.92,66.92,92.84,0,0,1,1,0,,
CSV_VALUES, 2024/10/16 23:33,68.36,77.54,74.84,71.96,66.92,66.56,91.94,0,0,1,1,0,,
CSV_VALUES, 2024/10/16 23:34,68.72,77.54,74.30,71.96,66.92,66.20,91.94,0,0,1,1,0,,
CSV_VALUES, 2024/10/16 23:35,69.08,77.54,74.12,71.96,66.92,66.20,91.04,0,0,0,0,0,,
CSV_VALUES, 2024/10/16 23:36,68.54,77.54,74.12,71.96,66.92,66.20,90.68,0,0,1,1,0,,
CSV_VALUES, 2024/10/16 23:37,68.36,77.54,74.12,71.96,66.92,66.20,90.14,0,0,1,1,0,,
CSV_VALUES, 2024/10/16 23:38,69.08,77.54,74.12,71.96,66.92,66.20,89.24,0,0,0,0,1,,
CSV_VALUES, 2024/10/16 23:39,69.08,78.44,74.12,71.96,66.92,66.20,89.24,0,0,0,0,1,,
CSV_VALUES, 2024/10/16 23:40,68.72,78.44,74.12,71.96,66.20,66.20,88.52,0,0,1,1,1,,
CSV_VALUES, 2024/10/16 23:41,69.08,79.16,74.12,71.96,66.20,66.20,89.24,0,0,0,0,1,,
CSV_VALUES, 2024/10/16 23:42,69.08,79.16,74.12,71.96,66.20,66.20,90.14,0,0,0,0,0,,
CSV_VALUES, 2024/10/16 23:43,69.08,80.06,74.12,71.96,66.20,66.20,91.94,0,0,0,0,0,,
CSV_VALUES, 2024/10/16 23:44,68.54,80.06,74.12,71.96,66.20,66.20,92.84,0,0,1,1,0,,
CSV_VALUES, 2024/10/16 23:45,68.72,80.78,74.12,71.96,66.20,66.20,94.46,0,0,1,1,0,,
CSV_VALUES, 2024/10/16 23:46,69.08,80.78,74.12,71.96,66.20,66.20,95.36,0,0,0,0,0,,
CSV_VALUES, 2024/10/16 23:47,68.90,80.78,74.12,71.96,65.48,66.20,96.08,0,0,1,1,0,,
CSV_VALUES, 2024/10/16 23:48,68.54,80.78,74.12,71.24,65.48,66.20,96.08,0,0,1,1,0,,
CSV_VALUES, 2024/10/16 23:49,68.72,81.68,74.12,71.24,65.48,66.20,96.08,0,0,1,1,0,,
CSV_VALUES, 2024/10/16 23:50,68.90,81.68,74.12,71.24,65.48,66.20,96.08,0,0,1,1,0,,
CSV_VALUES, 2024/10/16 23:51,68.90,81.68,74.12,71.24,65.48,66.20,96.08,0,0,1,1,0,,
CSV_VALUES, 2024/10/16 23:52,69.08,81.68,74.12,71.24,65.48,66.20,95.36,0,0,0,0,0,,
CSV_VALUES, 2024/10/16 23:53,68.54,81.68,74.12,71.24,65.48,66.20,95.36,0,0,1,1,0,,
CSV_VALUES, 2024/10/16 23:54,68.36,81.68,74.12,71.24,65.48,66.20,94.46,0,0,1,1,0,,
CSV_VALUES, 2024/10/16 23:55,68.54,82.40,74.12,71.24,64.94,66.20,94.46,0,0,1,1,0,,
CSV_VALUES, 2024/10/16 23:56,68.36,82.40,74.12,71.24,64.76,66.20,93.56,0,0,1,1,0,,
CSV_VALUES, 2024/10/16 23:57,68.72,82.40,74.12,71.24,64.76,66.20,92.84,0,0,1,1,0,,
CSV_VALUES, 2024/10/16 23:58,68.54,82.40,74.12,71.24,64.76,66.20,92.84,0,0,1,1,0,,
CSV_VALUES, 2024/10/16 23:59,68.36,82.40,74.12,71.24,64.76,66.20,91.94,0,0,1,1,0,,
CSV_VALUES, 2024/10/17 00:00,68.54,83.30,74.12,71.24,64.76,65.66,91.04,0,0,1,1,0,,
CSV_VALUES, 2024/10/17 00:01,68.72,83.30,74.12,71.24,64.76,65.48,91.04,0,0,1,1,0,,
CSV_VALUES, 2024/10/17 00:02,69.08,83.30,74.12,71.24,64.76,65.48,90.14,0,0,0,0,0,,
CSV_VALUES, 2024/10/17 00:03,68.72,83.30,74.12,71.24,64.76,65.48,90.14,0,0,1,1,0,,
CSV_VALUES, 2024/10/17 00:04,68.36,83.30,74.12,71.24,64.76,65.48,89.24,0,0,1,1,1,,
CSV_VALUES, 2024/10/17 00:05,68.36,84.02,74.12,71.24,64.76,65.48,89.24,0,0,1,1,1,,
CSV_VALUES, 2024/10/17 00:06,68.54,84.02,73.58,71.24,64.76,65.48,88.88,0,0,1,1,1,,
CSV_VALUES, 2024/10/17 00:07,69.08,84.38,73.40,71.24,64.76,65.48,89.24,0,0,0,0,1,,
CSV_VALUES, 2024/10/17 00:08,68.72,84.74,73.40,71.24,64.76,65.48,90.14,0,0,1,1,0,,
CSV_VALUES, 2024/10/17 00:09,68.54,84.74,73.40,71.24,64.76,65.48,91.94,0,0,1,1,0,,
CSV_VALUES, 2024/10/17 00:10,68.90,84.74,73.40,71.24,64.76,65.48,93.56,0,0,1,1,0,,
CSV_VALUES, 2024/10/17 00:11,69.08,85.64,73.40,71.24,64.76,65.48,94.82,0,0,0,0,0,,
CSV_VALUES, 2024/10/17 00:12,68.36,84.74,73.40,71.24,64.76,65.48,95.36,0,0,1,1,0,,
CSV_VALUES, 2024/10/17 00:13,68.36,85.64,73.40,71.24,64.76,65.48,96.08,0,0,1,1,0,,
CSV_VALUES, 2024/10/17 00:14,68.36,85.64,73.40,71.24,64.76,65.48,96.08,0,0,1,1,0,,
CSV_VALUES, 2024/10/17 00:15,68.54,85.64,73.40,71.24,64.76,64.94,96.08,0,0,1,1,0,,
CSV_VALUES, 2024/10/17 00:16,68.90,85.64,73.40,71.24,64.76,64.76,96.08,0,0,1,1,0,,
CSV_VALUES, 2024/10/17 00:17,69.08,85.64,73.40,71.24,64.76,64.76,95.36,0,0,0,0,0,,
CSV_VALUES, 2024/10/17 00:18,68.36,85.64,73.40,71.24,64.76,64.76,95.36,0,0,1,1,0,,
CSV_VALUES, 2024/10/17 00:19,68.36,86.36,73.40,71.24,64.76,64.76,94.46,0,0,1,1,0,,
CSV_VALUES, 2024/10/17 00:20,68.54,86.36,73.40,71.24,64.76,64.76,94.46,0,0,1,1,0,,
CSV_VALUES, 2024/10/17 00:21,69.08,86.36,73.40,71.24,64.76,64.76,93.56,0,0,0,0,0,,
CSV_VALUES, 2024/10/17 00:22,69.08,86.36,73.40,71.24,64.76,64.76,93.56,0,0,0,0,0,,
CSV_VALUES, 2024/10/17 00:23,68.36,86.36,73.40,71.24,64.76,64.76,92.84,0,0,1,1,0,,
CSV_VALUES, 2024/10/17 00:24,68.36,86.36,73.40,71.24,64.76,64.76,91.94,0,0,1,1,0,,
CSV_VALUES, 2024/10/17 00:25,69.08,87.44,73.40,71.24,64.76,64.76,91.94,0,0,0,0,0,,
CSV_VALUES, 2024/10/17 00:26,69.08,87.44,73.40,71.24,64.76,64.76,91.04,0,0,0,0,0,,
CSV_VALUES, 2024/10/17 00:27,68.72,86.36,73.40,71.24,64.76,64.76,91.04,0,0,1,1,0,,
CSV_VALUES, 2024/10/17 00:28,68.36,87.44,73.40,71.24,64.76,64.76,90.14,0,0,1,1,0,,
CSV_VALUES, 2024/10/17 00:29,68.36,87.44,73.40,71.24,64.76,64.76,89.96,0,0,1,1,1,,
CSV_VALUES, 2024/10/17 00:30,69.08,88.34,73.40,71.24,64.76,64.76,89.24,0,0,0,0,1,,
CSV_VALUES, 2024/10/17 00:31,69.08,88.34,73.40,71.24,64.76,64.76,88.88,0,0,0,0,1,,
CSV_VALUES, 2024/10/17 00:32,68.36,88.34,73.40,71.24,64.76,64.76,89.24,0,0,1,1,1,,
CSV_VALUES, 2024/10/17 00:33,68.54,89.24,73.40,71.24,64.76,64.76,89.78,0,0,1,1,1,,
CSV_VALUES, 2024/10/17 00:34,69.08,89.24,73.40,71.24,64.94,64.76,91.04,0,0,0,0,0,,
CSV_VALUES, 2024/10/17 00:35,69.08,89.24,73.40,71.24,64.94,64.76,92.84,0,0,0,0,0,,
CSV_VALUES, 2024/10/17 00:36,68.90,88.34,73.40,71.24,65.48,64.76,94.46,0,0,1,1,0,,
CSV_VALUES, 2024/10/17 00:37,68.36,89.24,73.40,71.24,65.48,64.94,95.36,0,0,1,1,0,,
CSV_VALUES, 2024/10/17 00:38,69.08,89.24,73.40,71.24,65.48,65.12,96.08,0,0,0,0,0,,
CSV_VALUES, 2024/10/17 00:39,69.08,90.14,73.40,71.24,65.48,65.48,96.08,0,0,0,0,0,,
CSV_VALUES, 2024/10/17 00:40,69.08,89.24,73.40,71.24,65.48,65.48,96.08,0,0,0,0,0,,
CSV_VALUES, 2024/10/17 00:41,68.90,89.24,73.40,71.24,65.48,65.48,96.08,0,0,1,1,0,,
CSV_VALUES, 2024/10/17 00:42,68.54,90.14,73.40,71.24,65.48,65.48,96.08,0,0,1,1,0,,
CSV_VALUES, 2024/10/17 00:43,69.08,90.14,73.40,71.24,65.48,65.48,96.08,0,0,0,0,0,,
CSV_VALUES, 2024/10/17 00:44,69.08,90.14,73.40,71.24,65.48,65.48,95.36,0,0,0,0,0,,
CSV_VALUES, 2024/10/17 00:45,68.90,89.24,73.22,71.24,65.48,65.48,94.64,0,0,1,1,0,,
CSV_VALUES, 2024/10/17 00:46,68.72,90.14,72.86,71.24,65.48,65.48,94.46,0,0,1,1,0,,
CSV_VALUES, 2024/10/17 00:47,69.08,90.14,72.68,71.24,65.48,65.48,93.56,0,0,0,0,0,,
CSV_VALUES, 2024/10/17 00:48,69.08,89.24,72.68,71.24,65.48,65.48,93.56,0,0,0,0,0,,
CSV_VALUES, 2024/10/17 00:49,68.36,90.14,72.68,71.24,65.48,65.48,92.84,0,0,1,1,0,,
CSV_VALUES, 2024/10/17 00:50,68.90,90.14,72.68,71.24,65.48,65.48,91.94,0,0,1,1,0,,
CSV_VALUES, 2024/10/17 00:51,69.08,90.14,72.68,71.24,65.48,65.48,91.94,0,0,0,0,0,,
CSV_VALUES, 2024/10/17 00:52,69.08,90.14,72.68,71.24,65.48,65.48,91.04,0,0,0,0,0,,
CSV_VALUES, 2024/10/17 00:53,68.72,90.14,72.68,71.24,65.48,65.48,91.04,0,0,1,1,0,,
CSV_VALUES, 2024/10/17 00:54,69.08,90.14,72.68,71.24,65.48,65.48,90.14,0,0,0,0,0,,
CSV_VALUES, 2024/10/17 00:55,69.08,90.14,72.68,71.24,65.48,65.48,90.14,0,0,0,0,0,,
CSV_VALUES, 2024/10/17 00:56,69.08,90.14,72.68,71.24,65.48,65.48,89.24,0,0,0,0,1,,
CSV_VALUES, 2024/10/17 00:57,69.08,91.04,72.68,71.24,65.48,65.48,88.52,0,0,0,0,1,,
CSV_VALUES, 2024/10/17 00:58,69.08,91.04,72.68,71.24,65.48,65.12,89.24,0,0,0,0,1,,
CSV_VALUES, 2024/10/17 00:59,69.08,91.04,72.68,71.24,65.48,65.12,89.24,0,0,0,0,1,,
CSV_VALUES, 2024/10/17 01:00,69.08,91.94,72.68,71.24,65.12,65.12,91.04,0,0,0,0,0,,
CSV_VALUES, 2024/10/17 01:01,69.08,91.94,72.68,71.24,64.76,64.76,92.84,0,0,0,0,0,,
CSV_VALUES, 2024/10/17 01:02,69.08,92.84,72.68,71.24,64.76,64.76,94.46,0,0,0,0,0,,
CSV_VALUES, 2024/10/17 01:03,69.08,92.84,72.68,71.24,64.76,64.76,95.36,0,0,0,0,0,,
CSV_VALUES, 2024/10/17 01:04,68.72,92.84,72.68,71.24,64.76,64.76,96.08,0,0,1,1,0,,
CSV_VALUES, 2024/10/17 01:05,69.08,92.84,72.68,71.24,64.76,64.76,96.08,0,0,0,0,0,,
CSV_VALUES, 2024/10/17 01:06,68.90,91.94,72.68,71.24,64.58,64.76,96.08,0,0,1,1,0,,
CSV_VALUES, 2024/10/17 01:07,68.72,91.94,72.68,70.52,64.04,64.76,96.08,0,0,1,1,0,,
CSV_VALUES, 2024/10/17 01:08,69.08,91.04,72.68,70.52,64.04,64.76,96.08,0,0,0,0,0,,
CSV_VALUES, 2024/10/17 01:09,68.90,91.04,72.68,70.52,64.04,64.76,96.08,0,0,1,1,0,,
CSV_VALUES, 2024/10/17 01:10,68.36,91.04,72.68,70.52,64.04,64.76,95.36,0,0,1,1,0,,
CSV_VALUES, 2024/10/17 01:11,68.36,91.04,72.68,70.52,64.04,64.76,95.36,0,0,1,1,0,,
CSV_VALUES, 2024/10/17 01:12,69.08,91.04,72.68,70.70,64.04,64.76,94.46,0,0,0,0,0,,
CSV_VALUES, 2024/10/17 01:13,69.08,91.04,72.68,70.52,64.04,64.76,94.10,0,0,0,0,0,,
CSV_VALUES, 2024/10/17 01:14,68.36,90.14,72.68,70.52,64.04,64.76,93.56,0,0,1,1,0,,
CSV_VALUES, 2024/10/17 01:15,68.36,91.04,72.68,70.52,64.04,64.76,92.84,0,0,1,1,0,,
CSV_VALUES, 2024/10/17 01:16,68.36,91.04,72.68,70.52,63.50,64.76,92.84,0,0,1,1,0,,
CSV_VALUES, 2024/10/17 01:17,68.36,90.14,72.68,70.88,63.32,64.76,91.94,0,0,1,1,0,,
CSV_VALUES, 2024/10/17 01:18,68.36,90.14,72.68,71.24,63.32,64.76,91.04,0,0,1,1,0,,
CSV_VALUES, 2024/10/17 01:19,68.36,90.14,72.68,71.24,63.32,64.76,91.04,0,0,1,1,0,,
CSV_VALUES, 2024/10/17 01:20,68.36,89.24,72.68,70.52,63.32,64.04,90.14,0,0,1,1,0,,
CSV_VALUES, 2024/10/17 01:21,68.36,89.24,72.68,70.70,63.32,64.04,90.14,0,0,1,1,0,,
CSV_VALUES, 2024/10/17 01:22,68.36,89.24,72.68,70.88,63.32,64.04,89.24,0,0,1,1,1,,
CSV_VALUES, 2024/10/17 01:23,68.36,89.24,72.68,70.52,63.32,64.04,89.24,0,0,1,1,1,,
CSV_VALUES, 2024/10/17 01:24,68.36,89.24,72.68,70.52,63.32,64.04,88.34,0,0,1,1,1,,
CSV_VALUES, 2024/10/17 01:25,68.36,89.24,72.68,70.52,63.32,64.04,89.24,0,0,1,1,1,,
CSV_VALUES, 2024/10/17 01:26,68.36,89.24,72.68,70.52,63.32,64.04,90.14,0,0,1,1,0,,
CSV_VALUES, 2024/10/17 01:27,68.36,89.24,72.68,70.52,63.32,64.04,91.94,0,0,1,1,0,,
CSV_VALUES, 2024/10/17 01:28,68.36,89.24,72.68,70.52,62.60,64.04,93.56,0,0,1,1,0,,
CSV_VALUES, 2024/10/17 01:29,68.36,89.24,72.68,70.52,62.60,64.04,94.46,0,0,1,1,0,,
CSV_VALUES, 2024/10/17 01:30,68.36,89.24,72.68,70.52,62.60,64.04,95.36,0,0,1,1,0,,
CSV_VALUES, 2024/10/17 01:31,68.36,89.24,72.68,70.52,62.60,64.04,96.08,0,0,1,1,0,,
CSV_VALUES, 2024/10/17 01:32,68.36,89.24,72.68,70.52,62.60,64.04,96.08,0,0,1,1,0,,
CSV_VALUES, 2024/10/17 01:33,68.36,89.24,72.68,70.52,62.60,64.04,96.08,0,0,1,1,0,,
CSV_VALUES, 2024/10/17 01:34,68.36,89.24,72.32,70.52,62.60,64.04,96.08,0,0,1,1,0,,
CSV_VALUES, 2024/10/17 01:35,68.36,89.24,72.14,70.52,61.88,64.04,96.08,0,0,1,1,0,,
CSV_VALUES, 2024/10/17 01:36,68.36,89.24,72.14,70.52,60.98,64.04,95.36,0,0,1,1,0,,
CSV_VALUES, 2024/10/17 01:37,68.36,89.24,71.96,70.52,60.98,64.04,95.36,0,0,1,1,0,,
CSV_VALUES, 2024/10/17 01:38,68.18,89.24,71.96,70.52,60.98,63.32,94.46,0,0,1,1,0,,
CSV_VALUES, 2024/10/17 01:39,67.64,89.24,71.96,70.52,60.26,63.32,94.46,0,0,1,1,0,,
CSV_VALUES, 2024/10/17 01:40,67.64,89.24,71.96,70.52,60.26,63.32,93.56,0,0,1,1,0,,
CSV_VALUES, 2024/10/17 01:41,67.64,89.24,71.96,70.52,60.26,63.32,92.84,0,0,1,1,0,,
CSV_VALUES, 2024/10/17 01:42,67.64,89.24,71.96,70.52,60.26,63.32,92.84,0,0,1,1,0,,
CSV_VALUES, 2024/10/17 01:43,67.64,89.24,71.96,70.52,59.36,63.32,91.94,0,0,1,1,0,,
CSV_VALUES, 2024/10/17 01:44,67.64,89.24,71.96,70.52,58.64,63.32,91.04,0,0,1,1,0,,
CSV_VALUES, 2024/10/17 01:45,67.64,89.06,71.96,70.52,58.64,63.32,91.04,0,0,1,1,0,,
CSV_VALUES, 2024/10/17 01:46,67.64,88.34,71.96,70.52,58.64,63.32,90.14,0,0,1,1,0,,
CSV_VALUES, 2024/10/17 01:47,67.64,89.24,71.96,70.52,57.92,63.32,90.14,0,0,1,1,0,,
CSV_VALUES, 2024/10/17 01:48,67.64,89.24,71.96,70.52,57.92,63.32,89.24,0,0,1,1,1,,
CSV_VALUES, 2024/10/17 01:49,67.64,89.24,71.96,70.52,57.92,63.32,88.34,0,0,1,1,1,,
CSV_VALUES, 2024/10/17 01:50,67.64,88.34,71.96,70.52,57.92,63.32,88.34,0,0,1,1,1,,
CSV_VALUES, 2024/10/17 01:51,67.64,88.34,71.96,70.52,57.92,63.32,89.24,0,0,1,1,1,,
CSV_VALUES, 2024/10/17 01:52,67.64,88.34,71.96,70.52,57.92,63.32,90.14,0,0,1,1,0,,
CSV_VALUES, 2024/10/17 01:53,66.92,88.34,71.96,70.52,57.92,62.78,91.94,0,0,1,1,0,,
CSV_VALUES, 2024/10/17 01:54,66.92,88.34,71.96,70.52,57.92,63.14,93.56,0,0,1,1,0,,
CSV_VALUES, 2024/10/17 01:55,66.92,88.70,71.96,70.52,57.92,63.32,94.46,0,0,1,1,0,,
CSV_VALUES, 2024/10/17 01:56,67.10,89.24,71.96,70.52,57.92,63.32,95.36,0,0,1,1,0,,
CSV_VALUES, 2024/10/17 01:57,67.64,89.24,71.96,69.80,57.92,63.32,96.08,0,0,1,1,0,,
CSV_VALUES, 2024/10/17 01:58,67.64,89.24,71.96,69.80,57.92,63.32,96.08,0,0,1,1,0,,
CSV_VALUES, 2024/10/17 01:59,67.64,89.24,71.96,69.98,57.92,62.96,96.08,0,0,1,1,0,,
CSV_VALUES, 2024/10/17 02:00,67.64,89.24,71.96,70.52,57.92,62.60,96.08,0,0,1,1,0,,
CSV_VALUES, 2024/10/17 02:01,67.64,89.24,71.96,70.52,57.92,62.60,95.36,0,0,1,1,0,,
CSV_VALUES, 2024/10/17 02:02,67.64,89.24,71.96,70.52,57.92,62.60,95.36,0,0,1,1,0,,
CSV_VALUES, 2024/10/17 02:03,67.64,89.24,71.96,69.80,57.92,62.60,94.46,0,0,1,1,0,,
CSV_VALUES, 2024/10/17 02:04,67.64,89.24,71.96,69.80,57.92,62.60,94.46,0,0,1,1,0,,
CSV_VALUES, 2024/10/17 02:05,67.64,89.24,71.96,69.80,57.92,62.60,93.56,0,0,1,1,0,,
CSV_VALUES, 2024/10/17 02:06,67.64,89.24,71.96,69.80,57.92,62.60,93.56,0,0,1,1,0,,
CSV_VALUES, 2024/10/17 02:07,67.64,89.24,71.96,69.80,58.64,61.88,92.84,0,0,1,1,0,,
CSV_VALUES, 2024/10/17 02:08,67.64,89.24,71.96,69.80,58.64,61.88,91.94,0,0,1,1,0,,
CSV_VALUES, 2024/10/17 02:09,67.64,89.24,71.96,69.80,58.64,61.88,91.94,0,0,1,1,0,,
CSV_VALUES, 2024/10/17 02:10,67.64,89.24,71.96,69.80,58.64,61.88,91.04,0,0,1,1,0,,
CSV_VALUES, 2024/10/17 02:11,67.46,89.24,71.96,69.80,58.64,62.60,90.14,0,0,1,1,0,,
CSV_VALUES, 2024/10/17 02:12,67.64,89.24,71.96,69.80,57.92,62.60,90.14,0,0,1,1,0,,
CSV_VALUES, 2024/10/17 02:13,67.64,89.24,71.96,69.80,57.92,62.60,89.24,0,0,1,1,1,,
CSV_VALUES, 2024/10/17 02:14,66.92,89.24,71.96,69.80,57.92,62.60,89.24,0,0,1,1,1,,
CSV_VALUES, 2024/10/17 02:15,66.92,89.24,71.96,69.80,57.92,62.60,88.34,0,0,1,1,1,,
CSV_VALUES, 2024/10/17 02:16,67.46,89.24,71.96,69.80,57.92,62.60,89.24,0,0,1,1,1,,
CSV_VALUES, 2024/10/17 02:17,66.92,89.24,71.96,69.80,57.92,62.60,90.14,0,0,1,1,0,,
CSV_VALUES, 2024/10/17 02:18,66.92,89.24,71.96,69.80,57.92,62.60,91.94,0,0,1,1,0,,
CSV_VALUES, 2024/10/17 02:19,66.92,89.24,71.96,69.80,57.92,62.60,93.56,0,0,1,1,0,,
CSV_VALUES, 2024/10/17 02:20,66.92,89.24,71.96,69.80,57.92,62.60,94.46,0,0,1,1,0,,
CSV_VALUES, 2024/10/17 02:21,66.92,89.24,71.96,69.80,57.92,62.60,95.36,0,0,1,1,0,,
CSV_VALUES, 2024/10/17 02:22,66.92,89.24,71.96,69.80,57.92,62.60,96.08,0,0,1,1,0,,
CSV_VALUES, 2024/10/17 02:23,66.92,89.24,71.96,69.80,57.92,62.42,96.08,0,0,1,1,0,,
CSV_VALUES, 2024/10/17 02:24,66.92,89.24,71.96,69.80,57.92,61.88,96.08,0,0,1,1,0,,
CSV_VALUES, 2024/10/17 02:25,66.92,89.24,71.96,69.80,57.92,61.88,96.08,0,0,1,1,0,,
CSV_VALUES, 2024/10/17 02:26,66.92,89.24,71.96,69.80,57.92,61.88,95.36,0,0,1,1,0,,
CSV_VALUES, 2024/10/17 02:27,66.92,89.24,71.96,69.80,57.92,61.88,95.36,0,0,1,1,0,,
CSV_VALUES, 2024/10/17 02:28,66.92,89.24,71.96,69.80,57.92,61.88,94.46,0,0,1,1,0,,
CSV_VALUES, 2024/10/17 02:29,66.92,89.06,71.96,69.80,57.92,61.88,94.46,0,0,1,1,0,,
CSV_VALUES, 2024/10/17 02:30,66.92,89.24,71.96,69.80,57.92,61.88,93.56,0,0,1,1,0,,
CSV_VALUES, 2024/10/17 02:31,66.92,89.24,71.96,69.80,57.38,61.88,93.56,0,0,1,1,0,,
CSV_VALUES, 2024/10/17 02:32,66.92,89.24,71.96,69.80,57.38,61.88,92.84,0,0,1,1,0,,
CSV_VALUES, 2024/10/17 02:33,66.92,89.24,71.96,69.80,57.92,61.88,91.94,0,0,1,1,0,,
CSV_VALUES, 2024/10/17 02:34,66.92,89.24,71.96,69.80,57.38,61.88,91.94,0,0,1,1,0,,
CSV_VALUES, 2024/10/17 02:35,66.92,89.24,71.96,69.62,57.38,61.88,91.04,0,0,1,1,0,,
CSV_VALUES, 2024/10/17 02:36,66.92,89.24,71.96,69.08,57.38,61.88,90.14,0,0,1,1,0,,
CSV_VALUES, 2024/10/17 02:37,66.92,88.34,71.78,69.08,57.38,61.88,90.14,0,0,1,1,0,,
CSV_VALUES, 2024/10/17 02:38,66.92,88.34,71.60,69.08,57.38,61.88,89.24,0,0,1,1,1,,
CSV_VALUES, 2024/10/17 02:39,66.92,88.34,71.42,69.08,57.38,61.88,89.24,0,0,1,1,1,,
CSV_VALUES, 2024/10/17 02:40,66.92,88.34,71.42,69.08,57.38,61.88,88.34,0,0,1,1,1,,
CSV_VALUES, 2024/10/17 02:41,66.92,88.34,71.24,69.08,57.38,61.88,89.24,0,0,1,1,1,,
CSV_VALUES, 2024/10/17 02:42,66.92,88.34,71.24,69.08,57.38,61.88,90.14,0,0,1,1,0,,
CSV_VALUES, 2024/10/17 02:43,66.92,88.34,71.24,69.08,57.38,61.88,91.94,0,0,1,1,0,,
CSV_VALUES, 2024/10/17 02:44,66.92,88.34,71.24,69.08,57.38,61.88,93.56,0,0,1,1,0,,
CSV_VALUES, 2024/10/17 02:45,66.92,88.34,71.24,69.08,57.38,61.88,94.46,0,0,1,1,0,,
CSV_VALUES, 2024/10/17 02:46,66.92,88.34,71.24,69.08,57.38,61.88,95.36,0,0,1,1,0,,
CSV_VALUES, 2024/10/17 02:47,66.92,88.34,71.24,69.08,57.38,61.88,96.08,0,0,1,1,0,,
CSV_VALUES, 2024/10/17 02:48,66.92,88.34,71.24,69.08,57.38,61.88,96.08,0,0,1,1,0,,
CSV_VALUES, 2024/10/17 02:49,66.92,88.34,71.24,69.08,57.38,61.88,96.08,0,0,1,1,0,,
CSV_VALUES, 2024/10/17 02:50,66.92,88.34,71.24,69.08,57.38,61.88,96.08,0,0,1,1,0,,
CSV_VALUES, 2024/10/17 02:51,66.92,88.34,71.24,69.08,57.38,61.88,96.08,0,0,1,1,0,,
CSV_VALUES, 2024/10/17 02:52,66.92,88.34,71.24,69.08,57.38,61.88,95.36,0,0,1,1,0,,
CSV_VALUES, 2024/10/17 02:53,66.92,88.34,71.24,69.08,57.74,61.88,95.36,0,0,1,1,0,,
CSV_VALUES, 2024/10/17 02:54,66.92,88.34,71.24,69.08,57.38,61.88,94.46,0,0,1,1,0,,
CSV_VALUES, 2024/10/17 02:55,66.92,88.34,71.24,69.08,57.38,61.88,94.46,0,0,1,1,0,,
CSV_VALUES, 2024/10/17 02:56,66.92,88.34,71.24,69.08,57.56,61.88,93.56,0,0,1,1,0,,
CSV_VALUES, 2024/10/17 02:57,66.92,88.34,71.24,69.08,57.92,61.88,92.84,0,0,1,1,0,,
CSV_VALUES, 2024/10/17 02:58,66.92,88.34,71.24,69.08,57.38,61.88,92.84,0,0,1,1,0,,
CSV_VALUES, 2024/10/17 02:59,66.92,88.34,71.24,69.08,57.38,61.88,91.94,0,0,1,1,0,,
CSV_VALUES, 2024/10/17 03:00,66.92,88.34,71.24,68.90,57.38,61.88,91.04,0,0,1,1,0,,
CSV_VALUES, 2024/10/17 03:01,66.92,88.34,71.24,68.72,57.56,61.88,91.04,0,0,1,1,0,,
CSV_VALUES, 2024/10/17 03:02,66.92,88.34,71.24,68.54,57.38,61.88,90.14,0,0,1,1,0,,
CSV_VALUES, 2024/10/17 03:03,66.92,88.34,71.24,68.36,57.38,61.88,89.24,0,0,1,1,1,,
CSV_VALUES, 2024/10/17 03:04,66.92,88.34,71.24,68.36,57.38,61.88,89.24,0,0,1,1,1,,
CSV_VALUES, 2024/10/17 03:05,66.92,88.34,71.24,68.36,57.38,61.88,88.34,0,0,1,1,1,,
CSV_VALUES, 2024/10/17 03:06,66.92,88.34,71.24,68.36,57.38,61.88,88.34,0,0,1,1,1,,
CSV_VALUES, 2024/10/17 03:07,66.92,88.34,71.24,68.36,57.38,61.88,89.24,0,0,1,1,1,,
CSV_VALUES, 2024/10/17 03:08,66.92,88.34,71.24,68.36,57.38,61.88,91.04,0,0,1,1,0,,
CSV_VALUES, 2024/10/17 03:09,66.92,88.34,71.24,68.36,57.38,61.88,92.84,0,0,1,1,0,,
CSV_VALUES, 2024/10/17 03:10,66.92,88.34,71.24,68.36,57.38,61.88,93.56,0,0,1,1,0,,
CSV_VALUES, 2024/10/17 03:11,66.92,88.34,71.24,68.36,57.38,61.88,95.36,0,0,1,1,0,,
CSV_VALUES, 2024/10/17 03:12,66.92,88.34,71.24,68.36,57.38,61.88,95.54,0,0,1,1,0,,
CSV_VALUES, 2024/10/17 03:13,66.92,88.34,71.24,68.36,57.38,61.88,96.08,0,0,1,1,0,,
CSV_VALUES, 2024/10/17 03:14,66.92,88.34,71.24,68.36,57.38,61.88,96.08,0,0,1,1,0,,
CSV_VALUES, 2024/10/17 03:15,66.92,88.34,71.24,68.36,57.38,61.88,96.08,0,0,1,1,0,,
CSV_VALUES, 2024/10/17 03:16,66.92,88.34,71.24,68.36,57.38,61.88,96.08,0,0,1,1,0,,
CSV_VALUES, 2024/10/17 03:17,66.92,88.34,71.24,68.36,57.38,61.88,95.36,0,0,1,1,0,,
CSV_VALUES, 2024/10/17 03:18,66.92,88.34,71.24,68.36,57.38,61.88,95.36,0,0,1,1,0,,
CSV_VALUES, 2024/10/17 03:19,66.92,88.34,71.24,68.36,57.38,61.88,94.46,0,0,1,1,0,,
CSV_VALUES, 2024/10/17 03:20,66.92,88.34,71.24,68.36,57.38,61.88,94.46,0,0,1,1,0,,
CSV_VALUES, 2024/10/17 03:21,66.92,88.34,71.24,68.36,57.38,61.88,93.56,0,0,1,1,0,,
CSV_VALUES, 2024/10/17 03:22,66.92,88.34,71.24,68.36,57.38,61.88,92.84,0,0,1,1,0,,
CSV_VALUES, 2024/10/17 03:23,66.92,87.62,71.24,68.36,57.38,61.16,92.84,0,0,1,1,0,,
CSV_VALUES, 2024/10/17 03:24,66.92,87.44,71.24,68.36,57.38,60.98,91.94,0,0,1,1,0,,
CSV_VALUES, 2024/10/17 03:25,66.92,87.44,71.24,68.36,57.38,60.98,91.04,0,0,1,1,0,,
CSV_VALUES, 2024/10/17 03:26,66.92,87.44,71.24,68.36,57.38,60.98,91.04,0,0,1,1,0,,
CSV_VALUES, 2024/10/17 03:27,66.92,87.44,71.24,68.36,57.38,60.98,90.14,0,0,1,1,0,,
CSV_VALUES, 2024/10/17 03:28,66.92,87.44,71.24,68.36,57.38,60.98,89.24,0,0,1,1,1,,
CSV_VALUES, 2024/10/17 03:29,66.92,87.44,71.24,68.36,57.38,60.98,89.24,0,0,1,1,1,,
CSV_VALUES, 2024/10/17 03:30,66.92,88.34,71.24,68.36,57.38,60.98,88.34,0,0,1,1,1,,
CSV_VALUES, 2024/10/17 03:31,66.92,88.34,71.24,68.36,57.38,60.98,89.06,0,0,1,1,1,,
CSV_VALUES, 2024/10/17 03:32,66.92,88.34,71.24,68.36,57.38,60.98,89.42,0,0,1,1,1,,
CSV_VALUES, 2024/10/17 03:33,66.92,88.34,71.24,68.36,57.38,60.98,91.04,0,0,1,1,0,,
CSV_VALUES, 2024/10/17 03:34,66.92,88.34,71.24,68.36,57.38,60.98,92.84,0,0,1,1,0,,
CSV_VALUES, 2024/10/17 03:35,66.92,88.34,71.24,68.36,57.38,60.98,94.46,0,0,1,1,0,,
CSV_VALUES, 2024/10/17 03:36,66.92,88.34,71.06,68.36,57.38,60.98,95.36,0,0,1,1,0,,
CSV_VALUES, 2024/10/17 03:37,66.92,88.34,70.88,68.36,57.38,60.98,96.08,0,0,1,1,0,,
CSV_VALUES, 2024/10/17 03:38,66.92,88.34,70.70,68.36,57.38,60.98,96.08,0,0,1,1,0,,
CSV_VALUES, 2024/10/17 03:39,66.92,88.34,70.70,68.36,57.38,60.98,96.08,0,0,1,1,0,,
CSV_VALUES, 2024/10/17 03:40,66.92,88.34,70.52,68.36,57.38,60.98,96.08,0,0,1,1,0,,
CSV_VALUES, 2024/10/17 03:41,66.92,87.62,70.52,68.36,56.66,60.98,96.08,0,0,1,1,0,,
CSV_VALUES, 2024/10/17 03:42,66.92,87.44,70.52,68.36,56.66,60.98,95.72,0,0,1,1,0,,
CSV_VALUES, 2024/10/17 03:43,66.92,87.44,70.52,68.36,56.66,60.98,95.36,0,0,1,1,0,,
CSV_VALUES, 2024/10/17 03:44,66.20,87.44,70.52,68.36,56.66,60.98,94.46,0,0,1,1,0,,
CSV_VALUES, 2024/10/17 03:45,66.20,87.44,70.52,68.36,56.66,60.98,94.46,0,0,1,1,0,,
CSV_VALUES, 2024/10/17 03:46,66.20,87.44,70.52,68.36,56.66,60.98,93.56,0,0,1,1,0,,
CSV_VALUES, 2024/10/17 03:47,66.20,87.80,70.52,67.82,56.66,60.98,92.84,0,0,1,1,0,,
CSV_VALUES, 2024/10/17 03:48,66.20,87.44,70.52,67.64,56.12,60.98,92.84,0,0,1,1,0,,
CSV_VALUES, 2024/10/17 03:49,66.20,87.44,70.52,67.64,55.94,60.98,91.94,0,0,1,1,0,,
CSV_VALUES, 2024/10/17 03:50,66.20,87.44,70.52,67.64,55.94,60.98,91.04,0,0,1,1,0,,
CSV_VALUES, 2024/10/17 03:51,66.20,87.44,70.52,67.64,55.94,60.98,91.04,0,0,1,1,0,,
CSV_VALUES, 2024/10/17 03:52,66.20,87.44,70.52,67.64,55.94,60.98,90.14,0,0,1,1,0,,
CSV_VALUES, 2024/10/17 03:53,66.20,87.44,70.52,67.64,55.94,60.98,89.24,0,0,1,1,1,,
CSV_VALUES, 2024/10/17 03:54,66.20,87.44,70.52,67.64,55.94,60.98,89.24,0,0,1,1,1,,
CSV_VALUES, 2024/10/17 03:55,66.20,87.44,70.52,67.64,55.94,60.98,88.34,0,0,1,1,1,,
CSV_VALUES, 2024/10/17 03:56,66.20,87.44,70.52,67.64,55.94,60.98,88.34,0,0,1,1,1,,
CSV_VALUES, 2024/10/17 03:57,66.20,88.34,70.52,67.64,55.94,60.98,89.24,0,0,1,1,1,,
CSV_VALUES, 2024/10/17 03:58,66.20,88.34,70.52,67.64,55.94,60.26,91.04,0,0,1,1,0,,
CSV_VALUES, 2024/10/17 03:59,66.20,88.34,70.52,67.64,55.94,60.26,92.48,0,0,1,1,0,,
CSV_VALUES, 2024/10/17 04:00,66.20,87.44,70.52,67.64,55.94,60.26,93.56,0,0,1,1,0,,
CSV_VALUES, 2024/10/17 04:01,66.20,87.44,70.52,67.64,55.94,60.26,95.36,0,0,1,1,0,,
CSV_VALUES, 2024/10/17 04:02,66.20,87.44,70.52,67.64,55.94,60.26,96.08,0,0,1,1,0,,
CSV_VALUES, 2024/10/17 04:03,66.20,87.44,70.52,67.64,55.94,60.26,96.08,0,0,1,1,0,,
CSV_VALUES, 2024/10/17 04:04,66.20,87.44,70.52,67.64,55.94,60.26,96.08,0,0,1,1,0,,
CSV_VALUES, 2024/10/17 04:05,66.20,87.44,70.52,67.64,55.94,60.26,96.08,0,0,1,1,0,,
CSV_VALUES, 2024/10/17 04:06,65.84,87.44,70.52,67.64,55.94,60.26,96.08,0,0,1,1,0,,
CSV_VALUES, 2024/10/17 04:07,65.84,87.44,70.52,67.64,55.94,60.26,95.36,0,0,1,1,0,,
CSV_VALUES, 2024/10/17 04:08,65.66,87.44,70.52,67.64,55.94,60.26,95.36,0,0,1,1,0,,
CSV_VALUES, 2024/10/17 04:09,65.66,87.08,70.52,67.64,55.94,60.26,94.46,0,0,1,1,0,,
CSV_VALUES, 2024/10/17 04:10,65.48,87.44,70.52,67.64,55.94,60.26,93.56,0,0,1,1,0,,
CSV_VALUES, 2024/10/17 04:11,65.48,87.44,70.52,67.64,55.94,60.26,93.56,0,0,1,1,0,,
CSV_VALUES, 2024/10/17 04:12,65.48,87.08,70.52,67.64,55.94,60.26,92.84,0,0,1,1,0,,
CSV_VALUES, 2024/10/17 04:13,65.48,86.36,70.52,67.64,55.94,60.26,91.94,0,0,1,1,0,,
CSV_VALUES, 2024/10/17 04:14,65.48,86.36,70.52,67.64,55.76,60.26,91.94,0,0,1,1,0,,
CSV_VALUES, 2024/10/17 04:15,65.48,86.36,70.52,67.64,55.94,60.26,91.04,0,0,1,1,0,,
CSV_VALUES, 2024/10/17 04:16,65.48,86.36,70.52,67.64,55.94,60.26,90.68,0,0,1,1,0,,
CSV_VALUES, 2024/10/17 04:17,65.48,86.36,70.52,67.64,55.94,60.26,90.14,0,0,1,1,0,,
CSV_VALUES, 2024/10/17 04:18,65.48,87.44,70.52,67.64,55.94,60.26,89.24,0,0,1,1,1,,
CSV_VALUES, 2024/10/17 04:19,65.48,86.36,70.52,67.64,55.40,60.26,89.24,0,0,1,1,1,,
CSV_VALUES, 2024/10/17 04:20,65.48,86.36,70.52,67.64,55.40,60.26,88.34,0,0,1,1,1,,
CSV_VALUES, 2024/10/17 04:21,65.48,87.44,70.52,67.64,55.58,60.26,89.24,0,0,1,1,1,,
CSV_VALUES, 2024/10/17 04:22,65.48,87.44,70.52,67.64,55.94,60.26,90.14,0,0,1,1,0,,
CSV_VALUES, 2024/10/17 04:23,65.48,87.44,70.52,67.64,55.94,60.26,91.22,0,0,1,1,0,,
CSV_VALUES, 2024/10/17 04:24,65.48,87.44,70.52,67.64,55.40,60.26,92.84,0,0,1,1,0,,
CSV_VALUES, 2024/10/17 04:25,65.48,87.44,70.52,67.64,55.40,60.26,94.46,0,0,1,1,0,,
CSV_VALUES, 2024/10/17 04:26,65.48,87.44,70.52,67.64,55.40,60.26,95.36,0,0,1,1,0,,
CSV_VALUES, 2024/10/17 04:27,65.48,87.44,70.52,67.64,55.40,60.26,96.08,0,0,1,1,0,,
CSV_VALUES, 2024/10/17 04:28,65.48,87.44,70.52,67.64,55.40,59.90,96.08,0,0,1,1,0,,
CSV_VALUES, 2024/10/17 04:29,65.48,87.44,70.52,67.64,55.40,59.36,96.08,0,0,1,1,0,,
CSV_VALUES, 2024/10/17 04:30,65.48,86.36,70.52,67.64,55.40,59.36,96.08,0,0,1,1,0,,
CSV_VALUES, 2024/10/17 04:31,65.48,86.36,70.52,67.64,55.40,59.36,95.36,0,0,1,1,0,,
CSV_VALUES, 2024/10/17 04:32,65.48,86.36,70.52,67.64,55.40,59.36,95.36,0,0,1,1,0,,
CSV_VALUES, 2024/10/17 04:33,65.48,87.44,70.52,67.64,55.40,59.36,94.46,0,0,1,1,0,,
CSV_VALUES, 2024/10/17 04:34,65.48,87.44,70.52,67.64,55.40,59.36,94.46,0,0,1,1,0,,
CSV_VALUES, 2024/10/17 04:35,65.48,86.36,70.52,67.64,55.40,59.36,93.56,0,0,1,1,0,,
CSV_VALUES, 2024/10/17 04:36,65.48,86.36,70.52,67.64,55.40,59.36,93.56,0,0,1,1,0,,
CSV_VALUES, 2024/10/17 04:37,65.48,86.36,70.52,67.64,55.40,59.36,92.84,0,0,1,1,0,,
CSV_VALUES, 2024/10/17 04:38,65.48,86.36,70.52,67.64,55.40,59.36,91.94,0,0,1,1,0,,
CSV_VALUES, 2024/10/17 04:39,65.48,86.36,70.52,67.64,55.40,59.36,91.22,0,0,1,1,0,,
CSV_VALUES, 2024/10/17 04:40,65.48,86.36,70.52,67.64,55.40,59.36,91.04,0,0,1,1,0,,
CSV_VALUES, 2024/10/17 04:41,65.48,86.36,70.52,67.64,55.40,59.36,90.14,0,0,1,1,0,,
CSV_VALUES, 2024/10/17 04:42,65.48,86.36,70.34,67.64,55.40,59.36,89.24,0,0,1,1,1,,
CSV_VALUES, 2024/10/17 04:43,65.48,86.36,69.98,67.64,55.40,59.36,89.24,0,0,1,1,1,,
CSV_VALUES, 2024/10/17 04:44,65.48,86.36,69.98,67.64,55.40,59.36,88.34,0,0,1,1,1,,
CSV_VALUES, 2024/10/17 04:45,65.48,86.36,69.80,67.64,55.40,59.36,88.34,0,0,1,1,1,,
CSV_VALUES, 2024/10/17 04:46,65.48,87.44,69.80,67.64,55.40,59.36,89.24,0,0,1,1,1,,
CSV_VALUES, 2024/10/17 04:47,65.48,87.44,69.80,67.64,55.40,59.36,91.04,0,0,1,1,0,,
CSV_VALUES, 2024/10/17 04:48,65.48,87.44,69.80,67.64,55.40,59.36,92.84,0,0,1,1,0,,
CSV_VALUES, 2024/10/17 04:49,65.48,86.36,69.80,67.64,55.40,59.36,94.46,0,0,1,1,0,,
CSV_VALUES, 2024/10/17 04:50,65.48,86.36,69.80,67.64,55.40,59.36,95.36,0,0,1,1,0,,
CSV_VALUES, 2024/10/17 04:51,65.48,86.36,69.80,67.64,55.40,59.36,96.08,0,0,1,1,0,,
CSV_VALUES, 2024/10/17 04:52,65.48,86.36,69.80,67.64,55.40,59.36,96.08,0,0,1,1,0,,
CSV_VALUES, 2024/10/17 04:53,65.48,86.36,69.80,67.64,55.40,59.36,96.08,0,0,1,1,0,,
CSV_VALUES, 2024/10/17 04:54,65.48,86.36,69.80,67.64,55.40,59.36,96.08,0,0,1,1,0,,
CSV_VALUES, 2024/10/17 04:55,65.48,86.36,69.80,67.64,55.40,59.36,95.36,0,0,1,1,0,,
CSV_VALUES, 2024/10/17 04:56,65.48,86.36,69.80,67.46,55.40,59.36,95.36,0,0,1,1,0,,
CSV_VALUES, 2024/10/17 04:57,65.48,86.36,69.80,67.46,55.40,59.36,94.46,0,0,1,1,0,,
CSV_VALUES, 2024/10/17 04:58,65.48,86.36,69.80,66.92,55.40,59.36,94.46,0,0,1,1,0,,
CSV_VALUES, 2024/10/17 04:59,65.48,86.36,69.80,66.92,55.40,59.36,93.56,0,0,1,1,0,,
CSV_VALUES, 2024/10/17 05:00,64.94,86.36,69.80,66.92,55.40,59.36,93.56,0,0,1,1,0,,
CSV_VALUES, 2024/10/17 05:01,64.94,86.36,69.80,66.92,55.40,59.36,92.84,0,0,1,1,0,,
CSV_VALUES, 2024/10/17 05:02,65.12,86.36,69.80,66.92,55.40,59.36,91.94,0,0,1,1,0,,
CSV_VALUES, 2024/10/17 05:03,64.94,86.36,69.80,66.92,55.40,59.36,91.94,0,0,1,1,0,,
CSV_VALUES, 2024/10/17 05:04,64.76,86.36,69.80,66.92,55.40,59.36,91.04,0,0,1,1,0,,
CSV_VALUES, 2024/10/17 05:05,64.94,86.36,69.80,66.92,55.40,59.36,90.14,0,0,1,1,0,,
CSV_VALUES, 2024/10/17 05:06,64.94,86.36,69.80,66.92,55.40,59.36,90.14,0,0,1,1,0,,
CSV_VALUES, 2024/10/17 05:07,64.94,86.36,69.80,66.92,55.40,59.36,89.24,0,0,1,1,1,,
CSV_VALUES, 2024/10/17 05:08,64.76,86.36,69.80,66.92,55.40,59.36,88.34,0,0,1,1,1,,
CSV_VALUES, 2024/10/17 05:09,64.94,86.36,69.80,66.92,55.40,59.36,88.34,0,0,1,1,1,,
CSV_VALUES, 2024/10/17 05:10,64.94,86.36,69.80,66.92,55.40,59.36,89.24,0,0,1,1,1,,
CSV_VALUES, 2024/10/17 05:11,64.94,87.44,69.80,66.92,55.40,59.36,90.14,0,0,1,1,0,,
CSV_VALUES, 2024/10/17 05:12,64.94,87.44,69.80,66.92,55.40,59.36,91.94,0,0,1,1,0,,
CSV_VALUES, 2024/10/17 05:13,65.30,87.44,69.80,66.92,55.40,59.36,93.56,0,0,1,1,0,,
CSV_VALUES, 2024/10/17 05:14,65.30,87.26,69.80,66.92,55.40,59.36,94.46,0,0,1,1,0,,
CSV_VALUES, 2024/10/17 05:15,65.48,87.08,69.80,66.92,55.40,59.36,95.36,0,0,1,1,0,,
CSV_VALUES, 2024/10/17 05:16,65.30,86.36,69.80,66.92,55.40,59.36,96.08,0,0,1,1,0,,
CSV_VALUES, 2024/10/17 05:17,65.30,86.36,69.80,66.92,55.22,59.36,96.08,0,0,1,1,0,,
CSV_VALUES, 2024/10/17 05:18,64.94,86.36,69.80,66.92,55.04,59.36,96.08,0,0,1,1,0,,
CSV_VALUES, 2024/10/17 05:19,64.94,86.36,69.80,66.92,55.04,59.36,95.36,0,0,1,1,0,,
CSV_VALUES, 2024/10/17 05:20,64.94,86.36,69.80,66.92,54.86,59.36,95.36,0,0,1,1,0,,
CSV_VALUES, 2024/10/17 05:21,65.12,86.36,69.80,66.92,54.86,59.36,94.46,0,0,1,1,0,,
CSV_VALUES, 2024/10/17 05:22,65.30,86.36,69.80,66.92,54.68,59.36,94.46,0,0,1,1,0,,
CSV_VALUES, 2024/10/17 05:23,65.30,86.36,69.80,66.92,54.68,59.18,93.56,0,0,1,1,0,,
CSV_VALUES, 2024/10/17 05:24,65.12,86.36,69.80,66.92,54.68,58.82,92.84,0,0,1,1,0,,
CSV_VALUES, 2024/10/17 05:25,64.76,86.36,69.80,66.92,54.68,58.64,92.84,0,0,1,1,0,,
CSV_VALUES, 2024/10/17 05:26,64.76,86.36,69.80,66.92,54.68,58.64,91.94,0,0,1,1,0,,
CSV_VALUES, 2024/10/17 05:27,64.76,86.36,69.80,66.92,54.68,58.64,91.04,0,0,1,1,0,,
CSV_VALUES, 2024/10/17 05:28,64.76,86.36,69.80,66.92,54.68,58.64,91.04,0,0,1,1,0,,
CSV_VALUES, 2024/10/17 05:29,64.76,86.36,69.80,66.92,54.68,58.64,90.14,0,0,1,1,0,,
CSV_VALUES, 2024/10/17 05:30,64.76,86.36,69.80,66.92,54.68,58.64,89.24,0,0,1,1,1,,
CSV_VALUES, 2024/10/17 05:31,64.76,86.36,69.80,66.92,54.68,58.64,89.24,0,0,1,1,1,,
CSV_VALUES, 2024/10/17 05:32,64.76,86.36,69.80,66.92,54.68,58.64,88.34,0,0,1,1,1,,
CSV_VALUES, 2024/10/17 05:33,64.76,86.36,69.80,66.92,54.68,58.64,88.34,0,0,1,1,1,,
CSV_VALUES, 2024/10/17 05:34,64.76,86.36,69.80,66.92,54.68,58.64,89.24,0,0,1,1,1,,
CSV_VALUES, 2024/10/17 05:35,64.76,86.36,69.80,66.92,53.96,58.64,91.04,0,0,1,1,0,,
CSV_VALUES, 2024/10/17 05:36,64.76,86.36,69.80,66.92,53.96,58.64,92.84,0,0,1,1,0,,
CSV_VALUES, 2024/10/17 05:37,64.76,86.36,69.80,66.92,53.96,58.64,93.56,0,0,1,1,0,,
CSV_VALUES, 2024/10/17 05:38,64.76,86.36,69.80,66.92,53.96,58.64,95.36,0,0,1,1,0,,
CSV_VALUES, 2024/10/17 05:39,64.76,86.36,69.80,66.92,53.96,58.64,95.36,0,0,1,1,0,,
CSV_VALUES, 2024/10/17 05:40,64.76,86.36,69.80,66.92,53.96,58.64,96.08,0,0,1,1,0,,
CSV_VALUES, 2024/10/17 05:41,64.76,86.36,69.80,66.92,53.96,58.64,96.08,0,0,1,1,0,,
CSV_VALUES, 2024/10/17 05:42,64.76,86.36,69.80,66.92,53.96,58.64,96.08,0,0,1,1,0,,
CSV_VALUES, 2024/10/17 05:43,64.76,85.64,69.44,66.92,53.96,58.64,96.08,0,0,1,1,0,,
CSV_VALUES, 2024/10/17 05:44,64.76,85.64,69.26,66.92,53.24,58.64,95.36,0,0,1,1,0,,
CSV_VALUES, 2024/10/17 05:45,64.76,85.64,69.08,66.74,53.24,58.64,95.36,0,0,1,1,0,,
CSV_VALUES, 2024/10/17 05:46,64.76,86.36,69.08,66.56,53.24,58.64,94.46,0,0,1,1,0,,
CSV_VALUES, 2024/10/17 05:47,64.76,86.36,69.08,66.20,53.24,58.64,93.56,0,0,1,1,0,,
CSV_VALUES, 2024/10/17 05:48,64.76,85.64,69.08,66.20,53.24,58.64,93.56,0,0,1,1,0,,
CSV_VALUES, 2024/10/17 05:49,64.76,85.64,69.08,66.20,52.34,58.64,92.84,0,0,1,1,0,,
CSV_VALUES, 2024/10/17 05:50,64.76,85.64,69.08,66.20,52.34,58.64,91.94,0,0,1,1,0,,
CSV_VALUES, 2024/10/17 05:51,64.76,85.64,69.08,66.20,52.34,58.64,91.94,0,0,1,1,0,,
CSV_VALUES, 2024/10/17 05:52,64.76,85.64,69.08,66.20,52.34,58.64,91.04,0,0,1,1,0,,
CSV_VALUES, 2024/10/17 05:53,64.76,85.64,69.08,66.20,51.62,58.64,90.14,0,0,1,1,0,,
CSV_VALUES, 2024/10/17 05:54,64.76,85.64,69.08,66.20,51.62,58.64,89.24,0,0,1,1,1,,
CSV_VALUES, 2024/10/17 05:55,64.76,85.64,69.08,66.20,51.62,58.64,89.24,0,0,1,1,1,,
CSV_VALUES, 2024/10/17 05:56,64.22,85.64,69.08,66.20,51.62,58.64,88.34,0,0,1,1,1,,
CSV_VALUES, 2024/10/17 05:57,64.22,85.64,69.08,66.20,51.62,58.64,88.34,0,0,1,1,1,,
CSV_VALUES, 2024/10/17 05:58,64.04,85.64,69.08,66.20,51.62,58.64,89.24,0,0,1,1,1,,
CSV_VALUES, 2024/10/17 05:59,64.04,86.36,69.08,66.20,51.62,58.64,91.04,0,0,1,1,0,,
CSV_VALUES, 2024/10/17 06:00,64.04,86.36,69.08,66.20,51.62,58.64,92.84,0,0,1,1,0,,
CSV_VALUES, 2024/10/17 06:01,64.04,86.36,69.08,66.20,51.62,58.64,93.56,0,0,1,1,0,,
CSV_VALUES, 2024/10/17 06:02,64.04,85.64,69.08,66.20,52.34,58.64,95.18,0,0,1,1,0,,
CSV_VALUES, 2024/10/17 06:03,64.22,85.64,69.08,66.20,52.34,58.64,95.36,0,0,1,1,0,,
CSV_VALUES, 2024/10/17 06:04,64.22,85.64,69.08,66.20,52.34,58.64,96.08,0,0,1,1,0,,
CSV_VALUES, 2024/10/17 06:05,64.04,85.64,69.08,66.20,51.62,58.64,96.08,0,0,1,1,0,,
CSV_VALUES, 2024/10/17 06:06,64.04,85.64,69.08,66.20,51.62,58.64,96.08,0,0,1,1,0,,
CSV_VALUES, 2024/10/17 06:07,64.04,85.64,69.08,66.20,51.62,58.64,95.36,0,0,1,1,0,,
CSV_VALUES, 2024/10/17 06:08,64.04,84.74,69.98,66.20,51.62,58.64,95.36,0,0,1,1,0,,
CSV_VALUES, 2024/10/17 06:09,64.04,84.74,69.80,66.20,51.62,58.64,94.46,0,0,1,1,0,,
CSV_VALUES, 2024/10/17 06:10,64.04,85.64,69.80,66.20,51.62,58.64,94.46,0,0,1,1,0,,
CSV_VALUES, 2024/10/17 06:11,64.04,85.28,69.80,66.20,51.62,57.92,93.56,0,0,1,1,0,,
CSV_VALUES, 2024/10/17 06:12,64.04,84.74,69.62,66.20,51.62,57.92,92.84,0,0,1,1,0,,
CSV_VALUES, 2024/10/17 06:13,64.04,84.74,69.44,66.20,51.62,57.92,92.84,0,0,1,1,0,,
CSV_VALUES, 2024/10/17 06:14,64.04,84.74,69.44,66.20,51.62,57.92,91.94,0,0,1,1,0,,
CSV_VALUES, 2024/10/17 06:15,64.04,84.74,69.26,66.20,51.62,57.92,91.04,0,0,1,1,0,,
CSV_VALUES, 2024/10/17 06:16,63.86,84.74,69.26,66.20,51.62,57.92,91.04,0,0,1,1,0,,
CSV_VALUES, 2024/10/17 06:17,63.50,84.74,69.26,66.20,51.62,57.92,90.14,0,0,1,1,0,,
CSV_VALUES, 2024/10/17 06:18,63.32,84.74,69.26,66.20,51.80,57.92,89.24,0,0,1,1,1,,
CSV_VALUES, 2024/10/17 06:19,63.32,84.74,69.26,66.20,51.62,57.92,88.34,0,0,1,1,1,,
CSV_VALUES, 2024/10/17 06:20,63.32,84.74,69.26,66.20,51.62,57.92,88.34,0,0,1,1,1,,
CSV_VALUES, 2024/10/17 06:21,63.32,84.74,69.26,66.20,51.62,57.92,88.34,0,0,1,1,1,,
CSV_VALUES, 2024/10/17 06:22,63.32,85.64,69.26,65.66,51.62,57.92,90.14,0,0,1,1,0,,
CSV_VALUES, 2024/10/17 06:23,63.32,84.92,69.26,65.48,51.62,57.92,91.04,0,0,1,1,0,,
CSV_VALUES, 2024/10/17 06:24,63.32,84.74,69.26,65.48,51.62,57.92,92.84,0,0,1,1,0,,
CSV_VALUES, 2024/10/17 06:25,63.32,84.74,69.26,65.48,51.62,57.92,94.46,0,0,1,1,0,,
CSV_VALUES, 2024/10/17 06:26,63.32,84.74,69.08,65.48,51.62,57.92,95.36,0,0,1,1,0,,
CSV_VALUES, 2024/10/17 06:27,63.32,84.74,69.26,65.48,51.62,57.92,95.36,0,0,1,1,0,,
CSV_VALUES, 2024/10/17 06:28,63.32,84.74,69.08,65.48,51.62,57.92,95.90,0,0,1,1,0,,
CSV_VALUES, 2024/10/17 06:29,63.32,84.74,69.08,65.48,51.62,57.92,95.36,0,0,1,1,0,,
CSV_VALUES, 2024/10/17 06:30,63.32,84.74,69.08,65.48,51.62,57.92,95.36,0,0,1,1,0,,
CSV_VALUES, 2024/10/17 06:31,63.32,84.74,69.08,65.48,51.62,57.92,95.36,0,0,1,1,0,,
CSV_VALUES, 2024/10/17 06:32,63.32,84.74,69.08,65.48,51.62,57.92,94.46,0,0,1,1,0,,
CSV_VALUES, 2024/10/17 06:33,63.32,84.02,69.08,65.48,51.62,57.92,94.46,0,0,1,1,0,,
CSV_VALUES, 2024/10/17 06:34,63.32,84.02,69.08,65.48,51.62,57.92,93.56,0,0,1,1,0,,
CSV_VALUES, 2024/10/17 06:35,63.32,84.02,69.08,65.48,51.62,57.92,92.84,0,0,1,1,0,,
CSV_VALUES, 2024/10/17 06:36,63.32,84.02,69.08,65.48,51.62,57.92,92.84,0,0,1,1,0,,
CSV_VALUES, 2024/10/17 06:37,63.32,84.02,69.08,65.48,51.62,57.92,91.94,0,0,1,1,0,,
CSV_VALUES, 2024/10/17 06:38,63.32,84.02,69.08,65.48,51.62,57.38,91.04,0,0,1,1,0,,
CSV_VALUES, 2024/10/17 06:39,62.78,84.02,69.08,65.48,51.62,57.38,90.14,0,0,1,1,0,,
CSV_VALUES, 2024/10/17 06:40,62.78,84.02,69.08,65.48,51.62,57.38,90.14,0,0,1,1,0,,
CSV_VALUES, 2024/10/17 06:41,62.60,84.02,69.08,65.48,51.62,57.38,89.24,0,0,1,1,1,,
CSV_VALUES, 2024/10/17 06:42,62.60,84.02,69.08,65.48,51.26,57.38,88.34,0,0,1,1,1,,
CSV_VALUES, 2024/10/17 06:43,62.60,84.74,69.08,65.48,50.90,57.38,88.34,0,0,1,1,1,,
CSV_VALUES, 2024/10/17 06:44,62.60,84.74,69.08,65.48,51.62,57.38,89.24,0,0,1,1,1,,
CSV_VALUES, 2024/10/17 06:45,62.60,84.74,69.08,65.48,51.62,57.38,90.14,0,0,1,1,0,,
CSV_VALUES, 2024/10/17 06:46,62.60,84.74,69.08,65.48,51.62,57.38,91.22,0,0,1,1,0,,
CSV_VALUES, 2024/10/17 06:47,62.60,84.74,69.08,65.48,51.62,57.38,92.84,0,0,1,1,0,,
CSV_VALUES, 2024/10/17 06:48,62.60,84.74,69.08,65.48,51.44,57.38,94.46,0,0,1,1,0,,
CSV_VALUES, 2024/10/17 06:49,62.60,84.74,69.08,65.48,51.62,57.38,95.36,0,0,1,1,0,,
CSV_VALUES, 2024/10/17 06:50,62.60,84.74,69.08,65.48,51.62,57.38,96.08,0,0,1,1,0,,
CSV_VALUES, 2024/10/17 06:51,62.60,84.02,69.08,65.48,51.62,57.38,96.08,0,0,1,1,0,,
CSV_VALUES, 2024/10/17 06:52,62.60,84.02,69.08,65.48,51.62,57.38,96.08,0,0,1,1,0,,
CSV_VALUES, 2024/10/17 06:53,62.60,84.02,69.08,65.48,51.62,57.38,95.36,0,0,1,1,0,,
CSV_VALUES, 2024/10/17 06:54,62.60,84.02,69.08,65.48,51.62,56.66,95.36,0,0,1,1,0,,
CSV_VALUES, 2024/10/17 06:55,62.60,84.02,69.08,65.48,51.62,56.66,94.46,0,0,1,1,0,,
CSV_VALUES, 2024/10/17 06:56,62.60,84.02,69.08,65.48,51.62,56.66,94.46,0,0,1,1,0,,
CSV_VALUES, 2024/10/17 06:57,62.60,84.02,69.08,65.48,51.62,56.66,93.56,0,0,1,1,0,,
CSV_VALUES, 2024/10/17 06:58,62.60,84.02,69.08,65.48,51.62,56.66,92.84,0,0,1,1,0,,
CSV_VALUES, 2024/10/17 06:59,62.60,84.02,69.08,65.48,51.62,56.66,92.84,0,0,1,1,0,,
CSV_VALUES, 2024/10/17 07:00,62.60,84.02,69.08,65.48,51.62,56.66,91.94,0,0,1,1,0,,
CSV_VALUES, 2024/10/17 07:01,62.60,84.02,68.90,65.48,51.62,56.66,91.04,0,1,1,1,0,,
CSV_VALUES, 2024/10/17 07:02,62.60,84.02,68.90,65.48,51.62,56.66,91.04,0,1,1,1,0,,
CSV_VALUES, 2024/10/17 07:03,62.60,84.02,68.72,65.48,51.62,56.66,90.14,0,1,1,1,0,,
CSV_VALUES, 2024/10/17 07:04,62.60,84.02,68.72,65.48,51.62,56.66,89.24,0,1,1,1,1,,
CSV_VALUES, 2024/10/17 07:05,62.60,84.02,68.54,65.48,51.62,56.66,88.34,0,1,1,1,1,,
CSV_VALUES, 2024/10/17 07:06,62.60,84.02,68.54,65.48,51.62,56.66,88.34,0,1,1,1,1,,
CSV_VALUES, 2024/10/17 07:07,62.60,84.02,68.54,65.48,51.62,56.66,88.34,0,1,1,1,1,,
CSV_VALUES, 2024/10/17 07:08,62.60,84.02,68.54,65.48,51.62,56.66,89.24,0,1,1,1,1,,
CSV_VALUES, 2024/10/17 07:09,62.60,84.02,68.54,65.48,51.62,56.66,91.04,0,1,1,1,0,,
CSV_VALUES, 2024/10/17 07:10,62.60,84.02,68.54,65.48,51.62,56.66,92.84,0,1,1,1,0,,
CSV_VALUES, 2024/10/17 07:11,62.60,84.02,68.54,65.48,51.62,56.66,94.46,0,1,1,1,0,,
CSV_VALUES, 2024/10/17 07:12,62.60,84.02,68.36,65.48,51.62,56.12,95.36,0,1,1,1,0,,
CSV_VALUES, 2024/10/17 07:13,62.60,84.02,68.36,65.48,51.62,55.94,96.08,0,1,1,1,0,,
CSV_VALUES, 2024/10/17 07:14,62.60,84.02,68.36,65.48,51.62,55.94,96.08,0,1,1,1,0,,
CSV_VALUES, 2024/10/17 07:15,62.60,84.02,68.36,65.48,51.62,55.94,96.08,0,1,1,1,0,,
CSV_VALUES, 2024/10/17 07:16,62.60,84.02,68.36,65.48,51.62,55.94,96.08,0,1,1,1,0,,
CSV_VALUES, 2024/10/17 07:17,62.60,84.02,68.36,65.48,51.62,55.94,95.36,0,1,1,1,0,,
CSV_VALUES, 2024/10/17 07:18,62.60,84.02,68.36,65.48,51.62,55.94,95.36,0,1,1,1,0,,
CSV_VALUES, 2024/10/17 07:19,62.60,84.02,68.36,65.48,51.62,55.94,94.46,0,1,1,1,0,,
CSV_VALUES, 2024/10/17 07:20,62.60,84.02,68.36,65.48,51.62,55.94,93.56,0,1,1,1,0,,
CSV_VALUES, 2024/10/17 07:21,62.60,84.02,68.36,65.48,51.62,55.94,93.56,0,1,1,1,0,,
CSV_VALUES, 2024/10/17 07:22,62.60,84.02,68.36,65.48,51.62,55.94,92.84,0,1,1,1,0,,
CSV_VALUES, 2024/10/17 07:23,62.60,84.02,68.36,65.48,51.62,55.94,91.94,0,1,1,1,0,,
CSV_VALUES, 2024/10/17 07:24,62.60,84.02,68.36,65.48,51.62,55.94,91.04,0,1,1,1,0,,
CSV_VALUES, 2024/10/17 07:25,62.60,84.02,68.36,65.48,51.62,55.94,91.04,0,1,1,1,0,,
CSV_VALUES, 2024/10/17 07:26,62.24,84.02,68.36,65.48,51.62,55.94,90.14,0,1,1,1,0,,
CSV_VALUES, 2024/10/17 07:27,61.88,84.02,68.36,65.48,51.62,55.94,89.24,0,1,1,1,1,,
CSV_VALUES, 2024/10/17 07:28,61.88,84.02,68.36,65.48,51.62,55.94,89.24,0,1,1,1,1,,
CSV_VALUES, 2024/10/17 07:29,61.88,84.02,68.36,65.48,51.62,55.94,88.34,0,1,1,1,1,,
CSV_VALUES, 2024/10/17 07:30,61.88,84.02,68.36,65.48,51.62,55.94,88.34,0,1,1,1,1,,
CSV_VALUES, 2024/10/17 07:31,61.88,84.02,68.36,65.48,50.90,55.94,89.24,0,1,1,1,1,,
CSV_VALUES, 2024/10/17 07:32,61.88,84.02,68.36,65.48,50.90,55.94,91.04,0,1,1,1,0,,
CSV_VALUES, 2024/10/17 07:33,61.88,84.02,68.36,65.48,51.62,55.94,92.84,0,1,1,1,0,,
CSV_VALUES, 2024/10/17 07:34,61.88,84.02,68.36,65.48,51.62,55.94,93.56,0,1,1,1,0,,
CSV_VALUES, 2024/10/17 07:35,61.88,84.02,68.36,65.48,51.62,55.94,95.36,0,1,1,1,0,,
CSV_VALUES, 2024/10/17 07:36,61.88,84.02,68.36,65.48,51.62,55.94,95.36,0,1,1,1,0,,
CSV_VALUES, 2024/10/17 07:37,61.88,83.30,68.36,65.48,51.62,55.94,96.08,0,1,1,1,0,,
CSV_VALUES, 2024/10/17 07:38,61.88,83.30,68.36,65.48,51.62,55.94,96.08,0,1,1,1,0,,
CSV_VALUES, 2024/10/17 07:39,61.88,83.30,68.36,65.48,51.62,55.94,95.36,0,1,1,1,0,,
CSV_VALUES, 2024/10/17 07:40,61.88,83.30,68.36,65.48,51.62,55.94,95.36,0,1,1,1,0,,
CSV_VALUES, 2024/10/17 07:41,61.88,83.30,68.36,65.48,51.62,55.94,95.18,0,1,1,1,0,,
CSV_VALUES, 2024/10/17 07:42,61.88,83.30,68.36,65.48,51.62,55.94,94.46,0,1,1,1,0,,
CSV_VALUES, 2024/10/17 07:43,61.88,83.30,68.36,65.48,51.62,55.76,93.56,0,1,1,1,0,,
CSV_VALUES, 2024/10/17 07:44,61.88,83.30,68.36,65.48,51.62,55.40,93.20,0,1,1,1,0,,
CSV_VALUES, 2024/10/17 07:45,61.88,83.30,68.36,65.48,51.62,55.40,92.84,0,1,1,1,0,,
CSV_VALUES, 2024/10/17 07:46,61.88,83.30,68.36,65.48,51.62,55.40,91.94,0,1,1,1,0,,
CSV_VALUES, 2024/10/17 07:47,60.98,83.30,68.18,66.20,51.62,55.40,91.04,0,1,1,1,0,,
CSV_VALUES, 2024/10/17 07:48,60.98,88.34,68.00,66.20,51.62,55.40,90.14,0,1,1,1,0,,
CSV_VALUES, 2024/10/17 07:49,60.26,89.96,68.00,66.20,51.62,55.40,89.96,0,1,1,1,1,,
CSV_VALUES, 2024/10/17 07:50,60.26,90.14,68.00,65.48,51.62,55.40,89.24,0,1,1,1,1,,
CSV_VALUES, 2024/10/17 07:51,60.98,90.14,67.82,65.48,51.62,55.40,88.34,0,1,1,1,1,,
CSV_VALUES, 2024/10/17 07:52,61.52,90.14,67.82,65.48,51.62,55.40,88.34,0,1,1,1,1,,
CSV_VALUES, 2024/10/17 07:53,61.88,90.14,67.82,65.48,51.62,55.40,89.24,0,1,1,1,1,,
CSV_VALUES, 2024/10/17 07:54,61.88,90.14,67.82,65.48,51.62,55.40,90.14,0,1,1,1,0,,
CSV_VALUES, 2024/10/17 07:55,61.88,90.14,67.82,65.48,51.62,55.40,91.94,0,1,1,1,0,,
CSV_VALUES, 2024/10/17 07:56,62.60,91.04,67.82,65.66,51.62,55.40,93.56,0,1,1,1,0,,
CSV_VALUES, 2024/10/17 07:57,62.60,91.04,67.82,66.20,51.62,55.40,94.46,0,1,1,1,0,,
CSV_VALUES, 2024/10/17 07:58,62.60,,67.82,66.20,51.62,55.40,95.36,0,1,1,0,0,,
CSV_VALUES, 2024/10/17 07:59,63.32,82.40,67.82,66.20,51.62,55.40,96.08,0,1,1,1,0,,
CSV_VALUES, 2024/10/17 08:00,63.32,79.16,67.64,66.92,51.62,55.40,96.08,0,1,1,1,0,,
CSV_VALUES, 2024/10/17 08:01,63.32,81.68,67.64,66.92,51.62,55.40,96.08,0,1,1,1,0,,
CSV_VALUES, 2024/10/17 08:02,63.32,76.64,67.64,66.92,51.62,55.40,95.36,0,1,1,1,0,,
CSV_VALUES, 2024/10/17 08:03,63.32,72.68,67.64,66.92,51.62,55.40,95.36,0,1,1,1,0,,
CSV_VALUES, 2024/10/17 08:04,63.32,70.16,67.64,66.92,51.62,55.40,95.36,0,1,1,1,0,,
CSV_VALUES, 2024/10/17 08:05,63.32,68.36,67.64,66.92,51.62,55.40,94.46,0,1,1,1,0,,
CSV_VALUES, 2024/10/17 08:06,63.32,66.92,67.64,66.92,51.62,55.40,93.56,0,1,1,1,0,,
CSV_VALUES, 2024/10/17 08:07,63.32,66.20,67.64,66.92,51.62,55.40,92.84,0,1,1,1,0,,
CSV_VALUES, 2024/10/17 08:08,63.32,66.20,67.64,67.64,51.62,55.40,92.84,0,1,1,1,0,,
CSV_VALUES, 2024/10/17 08:09,63.32,65.48,67.64,67.64,51.62,55.40,91.94,0,1,1,1,0,,
CSV_VALUES, 2024/10/17 08:10,63.32,65.48,67.64,67.64,51.62,55.40,91.04,0,1,1,1,0,,
CSV_VALUES, 2024/10/17 08:11,63.32,65.48,67.64,67.64,51.62,54.68,91.04,0,1,1,1,0,,
CSV_VALUES, 2024/10/17 08:12,63.50,65.48,67.64,67.64,51.62,54.68,90.14,0,1,1,1,0,,
CSV_VALUES, 2024/10/17 08:13,64.04,65.48,67.64,67.64,51.62,54.68,89.24,0,1,1,1,1,,
CSV_VALUES, 2024/10/17 08:14,64.04,65.48,67.64,67.64,51.62,54.68,89.24,0,1,1,1,1,,
CSV_VALUES, 2024/10/17 08:15,64.04,65.48,67.64,67.64,51.62,54.68,88.34,0,1,1,1,1,,
CSV_VALUES, 2024/10/17 08:16,64.04,65.48,67.64,67.64,51.62,54.68,89.24,0,1,1,1,1,,
CSV_VALUES, 2024/10/17 08:17,64.04,66.20,67.64,67.64,51.62,54.68,90.14,0,1,1,1,0,,
CSV_VALUES, 2024/10/17 08:18,64.04,68.36,67.64,67.64,51.62,54.14,91.94,0,1,1,1,0,,
CSV_VALUES, 2024/10/17 08:19,64.04,70.52,67.64,66.92,51.62,53.96,92.84,0,1,1,1,0,,
CSV_VALUES, 2024/10/17 08:20,64.04,74.12,67.64,66.92,51.62,53.96,94.46,0,1,1,1,0,,
CSV_VALUES, 2024/10/17 08:21,64.04,76.64,67.64,66.92,51.62,53.96,95.36,0,1,1,1,0,,
CSV_VALUES, 2024/10/17 08:22,64.04,79.16,67.64,66.92,51.62,54.68,95.36,0,1,1,1,0,,
CSV_VALUES, 2024/10/17 08:23,64.04,81.68,67.64,66.92,51.62,54.68,95.36,0,1,1,1,0,,
CSV_VALUES, 2024/10/17 08:24,64.04,83.30,67.64,66.92,51.62,54.68,95.36,0,1,1,1,0,,
CSV_VALUES, 2024/10/17 08:25,64.04,84.02,67.64,66.56,52.34,54.68,95.36,0,1,1,1,0,,
CSV_VALUES, 2024/10/17 08:26,64.04,84.74,67.64,66.20,52.34,54.68,95.36,0,1,1,1,0,,
CSV_VALUES, 2024/10/17 08:27,64.04,85.64,67.64,66.20,52.34,54.68,94.46,0,1,1,1,0,,
CSV_VALUES, 2024/10/17 08:28,64.04,86.36,67.64,66.20,52.34,54.68,93.56,0,1,1,1,0,,
CSV_VALUES, 2024/10/17 08:29,64.04,87.44,67.64,66.20,52.34,54.68,93.56,0,1,1,1,0,,
CSV_VALUES, 2024/10/17 08:30,64.04,87.44,67.64,66.20,52.34,54.68,92.84,0,1,1,1,0,,
CSV_VALUES, 2024/10/17 08:31,64.04,88.16,67.64,66.20,51.62,54.68,91.94,0,1,1,1,0,,
CSV_VALUES, 2024/10/17 08:32,64.04,88.34,67.64,66.20,51.62,53.96,91.94,0,1,1,1,0,,
CSV_VALUES, 2024/10/17 08:33,64.04,88.34,67.64,66.20,51.62,53.96,91.04,0,1,1,1,0,,
CSV_VALUES, 2024/10/17 08:34,64.04,88.34,67.64,66.20,52.34,53.96,90.14,0,1,1,1,0,,
CSV_VALUES, 2024/10/17 08:35,64.04,88.34,67.64,66.20,52.34,53.96,89.24,0,1,1,1,1,,
CSV_VALUES, 2024/10/17 08:36,64.04,88.34,67.64,66.20,52.34,53.96,88.34,0,1,1,1,1,,
CSV_VALUES, 2024/10/17 08:37,64.04,89.24,67.64,66.20,52.34,53.96,88.34,0,1,1,1,1,,
CSV_VALUES, 2024/10/17 08:38,64.04,89.24,67.64,66.20,52.34,53.96,88.34,0,1,1,1,1,,
CSV_VALUES, 2024/10/17 08:39,64.04,89.24,67.64,66.20,52.34,53.96,89.24,0,1,1,1,1,,
CSV_VALUES, 2024/10/17 08:40,64.04,90.14,67.64,66.20,52.34,53.96,91.04,0,1,1,1,0,,
CSV_VALUES, 2024/10/17 08:41,64.04,90.14,67.64,66.20,52.34,53.96,92.84,0,1,1,1,0,,
CSV_VALUES, 2024/10/17 08:42,64.04,90.14,67.64,66.20,52.34,53.96,94.46,0,1,1,1,0,,
CSV_VALUES, 2024/10/17 08:43,64.04,90.14,67.64,66.20,52.34,53.96,95.36,0,1,1,1,0,,
CSV_VALUES, 2024/10/17 08:44,64.58,81.68,67.64,66.20,52.34,53.96,96.08,0,1,1,1,0,,
CSV_VALUES, 2024/10/17 08:45,64.76,75.38,67.64,66.20,52.34,53.96,96.08,0,1,1,1,0,,
CSV_VALUES, 2024/10/17 08:46,64.76,72.14,67.64,66.20,52.34,53.96,96.08,0,1,1,1,0,,
CSV_VALUES, 2024/10/17 08:47,64.76,69.80,67.64,66.20,52.34,53.96,96.08,0,1,1,1,0,,
CSV_VALUES, 2024/10/17 08:48,64.76,67.64,67.64,66.20,52.34,53.96,95.36,0,1,1,1,0,,
CSV_VALUES, 2024/10/17 08:49,64.58,66.92,67.64,66.20,52.34,53.96,95.36,0,1,1,1,0,,
CSV_VALUES, 2024/10/17 08:50,64.58,65.48,67.64,66.20,52.34,53.96,94.46,0,1,1,1,0,,
CSV_VALUES, 2024/10/17 08:51,64.22,64.76,67.64,66.20,52.34,53.96,93.56,0,1,1,1,0,,
CSV_VALUES, 2024/10/17 08:52,64.04,64.76,67.64,66.20,52.34,53.96,93.56,0,1,1,1,0,,
CSV_VALUES, 2024/10/17 08:53,64.04,64.04,67.64,66.20,52.34,53.96,92.84,0,1,1,1,0,,
CSV_VALUES, 2024/10/17 08:54,64.04,64.04,67.64,66.20,52.34,53.96,91.94,0,1,1,1,0,,
CSV_VALUES, 2024/10/17 08:55,64.04,64.04,67.64,66.20,52.34,53.96,91.04,0,1,1,1,0,,
CSV_VALUES, 2024/10/17 08:56,64.04,63.86,67.64,66.20,51.62,53.96,91.04,0,1,1,1,0,,
CSV_VALUES, 2024/10/17 08:57,64.04,63.32,67.64,66.20,51.62,53.96,90.14,0,1,1,1,0,,
CSV_VALUES, 2024/10/17 08:58,64.04,63.32,67.64,66.20,51.62,53.96,89.24,0,1,1,1,1,,
CSV_VALUES, 2024/10/17 08:59,64.04,63.32,67.64,66.20,51.62,53.96,88.34,0,1,1,1,1,,
CSV_VALUES, 2024/10/17 09:00,64.04,63.32,67.64,65.84,51.62,53.96,88.34,0,1,1,1,1,,
CSV_VALUES, 2024/10/17 09:01,64.04,63.32,67.64,65.48,52.34,53.96,88.88,0,1,1,1,1,,
CSV_VALUES, 2024/10/17 09:02,64.04,63.32,67.64,65.48,52.34,53.96,89.96,0,1,1,1,1,,
CSV_VALUES, 2024/10/17 09:03,64.04,63.32,67.64,65.66,52.34,53.96,91.04,0,1,1,1,0,,
CSV_VALUES, 2024/10/17 09:04,64.04,63.32,67.64,66.20,52.34,53.96,92.84,0,1,1,1,0,,
CSV_VALUES, 2024/10/17 09:05,64.04,63.32,67.64,66.20,52.34,53.96,94.46,0,1,1,1,0,,
CSV_VALUES, 2024/10/17 09:06,64.04,63.32,67.64,66.20,52.34,53.96,95.36,0,1,1,1,0,,
